sensor,shap_score
31,0.025844263555292787
487,0.02534028673202718
545,0.022708449354755245
59,0.02058686994445169
419,0.020494802278627752
